Store_ID,Product_ID,Candidate_Price,Expected_Orders,Revenue,Contribution,Food_Cost_Pct,Volume_Change_Pct,Competitor_Price,Competitor_Premium_Pct,Elasticity,Elasticity_Source,Volume_Decline,Pass_Volume_Guardrail,Pass_Food_Cost_Guardrail,Pass_Competition_Guardrail,Positive_Contribution,Feasible,Baseline_Contribution,Contribution_Change,Contribution_Change_Pct,Pricing_Direction,Evidence_Strength,Decision,P_Value,R_Squared,Observations,Base_List_Price,Variable_Cost,Customer_Profile,Category
S01,P01,190.0,275.0,52250.0,34375.0,0.3421,0.0861,183.20499999999998,0.0371,-1.6101468500981304,Store × Product,-0.0861,True,True,True,True,True,34182.057118418554,192.94288158144627,0.005644566121723704,REDUCE,Strong,PILOT,0.010019959240067494,0.6207617123597298,24,200,65,Value-conscious,Main
S01,P02,171.0,249.2,42611.34,28158.37,0.3392,0.0959,183.68,-0.069,-1.7847776609824555,Store × Product,-0.0959,True,True,True,True,True,27741.53727276936,416.83272723063783,0.015025581428026902,REDUCE,Strong,PILOT,7.130115340649795e-05,0.7682630572311292,26,180,58,Value-conscious,Main
S01,P03,110.0,289.4,31831.4,23150.11,0.2727,-0.0846,183.68,-0.4011,-0.9269877496898045,Store × Product,0.0846,True,True,True,True,True,22127.46323062555,1022.6467693744489,0.0462161775489498,INCREASE,Strong,RECOMMEND,0.017651319105074472,0.7231836114641511,26,100,30,Value-conscious,Side
S01,P04,126.0,228.6,28801.16,19200.77,0.3333,0.241,183.68,-0.314,-2.0492901824125713,Store × Product,-0.241,True,True,True,True,True,18050.74256755383,1150.0274324461716,0.06371081013106594,REDUCE,Strong,RECOMMEND,4.476962450568756e-07,0.8563805027798804,26,140,42,Value-conscious,Beverage
S02,P01,190.0,294.5,55955.0,36812.5,0.3421,0.0802,194.6,-0.0236,-1.503349592494306,Store × Product,-0.0802,True,True,True,True,True,36806.952329649605,5.547670350395492,0.0001507234367221777,REDUCE,Strong,PILOT,0.00011045585138441356,0.5905652154469012,26,200,65,Convenience-oriented,Main
S02,P02,171.0,248.4,42471.61,28066.03,0.3392,0.0826,194.6,-0.1213,-1.547170301267214,Store × Product,-0.0826,True,True,True,True,True,27989.621397136103,76.4086028638958,0.0027298905469195223,REDUCE,Strong,PILOT,3.453004848816596e-05,0.6442742528357954,26,180,58,Convenience-oriented,Main
S02,P03,107.5,299.1,32149.22,23177.35,0.2791,-0.081,194.6,-0.4476,-1.1676674464252272,Store × Product,0.081,True,True,True,True,True,22779.000849645137,398.3491503548612,0.017487560274667135,INCREASE,Strong,PILOT,0.010225425126428215,0.5792909367781013,26,100,30,Convenience-oriented,Side
S02,P04,154.0,170.8,26303.94,19130.14,0.2727,-0.0779,194.6,-0.2086,-0.8509765812558356,Store × Product,0.0779,True,True,True,True,True,18153.081390078503,977.0586099214961,0.05382329252682716,INCREASE,Strong,RECOMMEND,0.022590446968936043,0.7452617425521351,26,140,42,Convenience-oriented,Beverage
S03,P01,220.0,251.8,55402.83,39033.81,0.2955,-0.0906,220.19,-0.0009,-0.996929786176484,Store × Product,0.0906,True,True,True,True,True,37385.96774598888,1647.8422540111205,0.044076490548727865,INCREASE,Strong,RECOMMEND,0.009353401837484272,0.6300180004912055,25,200,65,Premium/experience,Main
S03,P02,193.5,210.2,40674.8,28482.87,0.2997,-0.0966,220.05,-0.1207,-1.4051715569775518,Store × Product,0.0966,True,True,True,True,True,28388.244252384466,94.62574761553333,0.0033332722789851665,INCREASE,Strong,PILOT,0.010206575731771542,0.46851305652694875,25,180,58,Premium/experience,Main
S03,P03,110.0,292.7,32199.14,23417.55,0.2727,-0.0698,220.12,-0.5003,-0.759629564970153,Store × Product,0.0698,True,True,True,True,True,22028.893260217108,1388.6567397828912,0.0630379712398319,INCREASE,Strong,RECOMMEND,0.024516116048140822,0.5445831172515851,26,100,30,Premium/experience,Side
S03,P04,154.0,180.5,27791.26,20211.83,0.2727,-0.0657,220.12,-0.3004,-0.71312572897383,Store × Product,0.0657,True,True,True,True,True,18929.18035585401,1282.649644145993,0.06776044287355121,INCREASE,Strong,RECOMMEND,0.02964147604131722,0.5048989509496173,26,140,42,Premium/experience,Beverage
S04,P01,190.0,270.5,51395.0,33812.5,0.3421,0.0781,187.95999999999998,0.0109,-1.4660655475931303,Store × Product,-0.0781,True,True,True,True,True,33872.120300895585,-59.62030089558539,-0.001760158512840726,REDUCE,Strong,PILOT,0.001680011004023382,0.6554062852109037,26,200,65,Family/value,Main
S04,P02,193.5,208.8,40393.55,28285.92,0.2997,-0.085,187.95999999999998,0.0295,-1.228935451806402,Store × Product,0.085,True,True,True,True,True,27834.912028829378,451.0079711706203,0.016202960178336445,INCREASE,Strong,PILOT,5.7552206524746165e-05,0.8396320546022837,26,180,58,Family/value,Main
S04,P03,90.0,392.7,35342.55,23561.7,0.3333,0.2308,187.95999999999998,-0.5212,-1.9709753877198821,Store × Product,-0.2308,True,True,True,True,True,22334.000406121148,1227.6995938788532,0.05496998171193601,REDUCE,Strong,RECOMMEND,0.00033049952389029686,0.7192593797933362,26,100,30,Family/value,Side
S04,P04,126.0,240.7,30326.47,20217.65,0.3333,0.1915,188.1,-0.3301,-1.6631142454336567,Store × Product,-0.1915,True,True,True,True,True,19796.0,421.65000000000146,0.021299757526773266,REDUCE,Strong,PILOT,0.00010808980772587714,0.7282939115532538,25,140,42,Family/value,Beverage
