Store_ID,Product_ID,Candidate_Price,Expected_Orders,Revenue,Contribution,Food_Cost_Pct,Volume_Change_Pct,Competitor_Price,Competitor_Premium_Pct,Elasticity,Elasticity_Source,Volume_Decline,Pass_Volume_Guardrail,Pass_Food_Cost_Guardrail,Pass_Competition_Guardrail,Positive_Contribution,Feasible,Baseline_Contribution,Contribution_Change,Contribution_Change_Pct
S01,P01,180.0,300.0,54002.42,34501.55,0.3611,0.1849,183.20499999999998,-0.0175,-1.6101468500981304,Store × Product,-0.1849,True,False,True,True,False,34182.057118418554,319.4928815814492,0.0093
S01,P01,190.0,275.0,52250.0,34375.0,0.3421,0.0861,183.20499999999998,0.0371,-1.6101468500981304,Store × Product,-0.0861,True,True,True,True,True,34182.057118418554,192.94288158144627,0.0056
S01,P01,200.0,253.2,50640.08,34182.06,0.325,0.0,183.20499999999998,0.0917,-1.6101468500981304,Store × Product,-0.0,True,True,False,True,False,34182.057118418554,0.0028815814439440146,0.0
S01,P01,205.0,243.3,49882.85,34066.34,0.3171,-0.039,183.20499999999998,0.119,-1.6101468500981304,Store × Product,0.039,True,True,False,True,False,34182.057118418554,-115.71711841855722,-0.0034
S01,P01,210.0,234.1,49154.79,33940.21,0.3095,-0.0756,183.20499999999998,0.1463,-1.6101468500981304,Store × Product,0.0756,True,True,False,True,False,34182.057118418554,-241.8471184185546,-0.0071
S01,P01,215.0,225.4,48454.11,33805.2,0.3023,-0.1099,183.20499999999998,0.1735,-1.6101468500981304,Store × Product,0.1099,False,True,False,True,False,34182.057118418554,-376.85711841855664,-0.011
S01,P01,220.0,217.2,47779.19,33662.61,0.2955,-0.1423,183.20499999999998,0.2008,-1.6101468500981304,Store × Product,0.1423,False,True,False,True,False,34182.057118418554,-519.4471184185531,-0.0152
S01,P02,162.0,274.4,44458.28,28541.12,0.358,0.2069,183.68,-0.118,-1.7847776609824555,Store × Product,-0.2069,True,False,True,True,False,27741.53727276936,799.5827272306378,0.0288
S01,P02,171.0,249.2,42611.34,28158.37,0.3392,0.0959,183.68,-0.069,-1.7847776609824555,Store × Product,-0.0959,True,True,True,True,True,27741.53727276936,416.83272723063783,0.015
S01,P02,180.0,227.4,40930.14,27741.54,0.3222,0.0,183.68,-0.02,-1.7847776609824555,Store × Product,-0.0,True,True,True,True,True,27741.53727276936,0.0027272306397208013,0.0
S01,P02,184.5,217.6,40144.62,27524.63,0.3144,-0.0431,183.68,0.0045,-1.7847776609824555,Store × Product,0.0431,True,True,True,True,True,27741.53727276936,-216.90727276936013,-0.0078
S01,P02,189.0,208.4,39392.57,27303.84,0.3069,-0.0834,183.68,0.029,-1.7847776609824555,Store × Product,0.0834,True,True,True,True,True,27741.53727276936,-437.697272769361,-0.0158
S01,P02,193.5,199.9,38671.81,27080.26,0.2997,-0.1211,183.68,0.0535,-1.7847776609824555,Store × Product,0.1211,False,True,False,True,False,27741.53727276936,-661.2772727693628,-0.0238
S01,P02,198.0,191.8,37980.37,26854.8,0.2929,-0.1564,183.68,0.078,-1.7847776609824555,Store × Product,0.1564,False,True,False,True,False,27741.53727276936,-886.7372727693619,-0.032
S01,P03,90.0,348.5,31368.43,20912.28,0.3333,0.1026,183.68,-0.51,-0.9269877496898045,Store × Product,-0.1026,True,True,True,True,True,22127.46323062555,-1215.1832306255528,-0.0549
S01,P03,95.0,331.5,31492.5,21547.5,0.3158,0.0487,183.68,-0.4828,-0.9269877496898045,Store × Product,-0.0487,True,True,True,True,True,22127.46323062555,-579.9632306255517,-0.0262
S01,P03,100.0,316.1,31610.66,22127.46,0.3,0.0,183.68,-0.4556,-0.9269877496898045,Store × Product,-0.0,True,True,True,True,True,22127.46323062555,-0.0032306255525327288,-0.0
S01,P03,102.5,309.0,31667.7,22399.11,0.2927,-0.0226,183.68,-0.442,-0.9269877496898045,Store × Product,0.0226,True,True,True,True,True,22127.46323062555,271.6467693744489,0.0123
S01,P03,105.0,302.1,31723.47,22659.62,0.2857,-0.0442,183.68,-0.4284,-0.9269877496898045,Store × Product,0.0442,True,True,True,True,True,22127.46323062555,532.1567693744473,0.024
S01,P03,107.5,295.6,31778.02,22909.73,0.2791,-0.0648,183.68,-0.4147,-0.9269877496898045,Store × Product,0.0648,True,True,True,True,True,22127.46323062555,782.2667693744479,0.0354
S01,P03,110.0,289.4,31831.4,23150.11,0.2727,-0.0846,183.68,-0.4011,-0.9269877496898045,Store × Product,0.0846,True,True,True,True,True,22127.46323062555,1022.6467693744489,0.0462
S01,P04,126.0,228.6,28801.16,19200.77,0.3333,0.241,183.68,-0.314,-2.0492901824125713,Store × Product,-0.241,True,True,True,True,True,18050.74256755383,1150.0274324461716,0.0637
S01,P04,133.0,204.6,27212.69,18619.21,0.3158,0.1108,183.68,-0.2759,-2.0492901824125713,Store × Product,-0.1108,True,True,True,True,True,18050.74256755383,568.4674324461703,0.0315
S01,P04,140.0,184.2,25786.78,18050.74,0.3,0.0,183.68,-0.2378,-2.0492901824125713,Store × Product,-0.0,True,True,True,True,True,18050.74256755383,-0.002567553827248048,-0.0
S01,P04,143.5,175.1,25127.23,17772.92,0.2927,-0.0493,183.68,-0.2188,-2.0492901824125713,Store × Product,0.0493,True,True,True,True,True,18050.74256755383,-277.8225675538306,-0.0154
S01,P04,147.0,166.7,24499.84,17499.89,0.2857,-0.0951,183.68,-0.1997,-2.0492901824125713,Store × Product,0.0951,True,True,True,True,True,18050.74256755383,-550.8525675538294,-0.0305
S01,P04,150.5,158.8,23902.34,17231.92,0.2791,-0.1377,183.68,-0.1806,-2.0492901824125713,Store × Product,0.1377,False,True,True,True,False,18050.74256755383,-818.8225675538306,-0.0454
S01,P04,154.0,151.5,23332.65,16969.2,0.2727,-0.1774,183.68,-0.1616,-2.0492901824125713,Store × Product,0.1774,False,True,True,True,False,18050.74256755383,-1081.5425675538281,-0.0599
S02,P01,180.0,319.4,57498.71,36735.29,0.3611,0.1716,194.6,-0.075,-1.503349592494306,Store × Product,-0.1716,True,False,True,True,False,36806.952329649605,-71.66232964960363,-0.0019
S02,P01,190.0,294.5,55955.0,36812.5,0.3421,0.0802,194.6,-0.0236,-1.503349592494306,Store × Product,-0.0802,True,True,True,True,True,36806.952329649605,5.547670350395492,0.0002
S02,P01,200.0,272.6,54528.82,36806.95,0.325,0.0,194.6,0.0277,-1.503349592494306,Store × Product,-0.0,True,True,True,True,True,36806.952329649605,-0.002329649607418105,-0.0
S02,P01,205.0,262.7,53855.27,36779.21,0.3171,-0.0364,194.6,0.0534,-1.503349592494306,Store × Product,0.0364,True,True,False,True,False,36806.952329649605,-27.74232964960538,-0.0008
S02,P01,210.0,253.4,53205.98,36737.46,0.3095,-0.0707,194.6,0.0791,-1.503349592494306,Store × Product,0.0707,True,True,False,True,False,36806.952329649605,-69.49232964960538,-0.0019
S02,P01,215.0,244.6,52579.52,36683.39,0.3023,-0.103,194.6,0.1048,-1.503349592494306,Store × Product,0.103,False,True,False,True,False,36806.952329649605,-123.56232964960509,-0.0034
S02,P01,220.0,236.2,51974.59,36618.46,0.2955,-0.1335,194.6,0.1305,-1.503349592494306,Store × Product,0.1335,False,True,False,True,False,36806.952329649605,-188.49232964960538,-0.0051
S02,P02,162.0,270.0,43746.86,28084.4,0.358,0.177,194.6,-0.1675,-1.547170301267214,Store × Product,-0.177,True,False,True,True,False,27989.621397136103,94.77860286389841,0.0034
S02,P02,171.0,248.4,42471.61,28066.03,0.3392,0.0826,194.6,-0.1213,-1.547170301267214,Store × Product,-0.0826,True,True,True,True,True,27989.621397136103,76.4086028638958,0.0027
S02,P02,180.0,229.4,41296.16,27989.62,0.3222,0.0,194.6,-0.075,-1.547170301267214,Store × Product,-0.0,True,True,True,True,True,27989.621397136103,-0.001397136104060337,-0.0
S02,P02,184.5,220.8,40741.96,27934.19,0.3144,-0.0375,194.6,-0.0519,-1.547170301267214,Store × Product,0.0375,True,True,True,True,True,27989.621397136103,-55.43139713610435,-0.002
S02,P02,189.0,212.7,40208.28,27869.23,0.3069,-0.0727,194.6,-0.0288,-1.547170301267214,Store × Product,0.0727,True,True,True,True,True,27989.621397136103,-120.39139713610348,-0.0043
S02,P02,193.5,205.1,39693.91,27796.0,0.2997,-0.1059,194.6,-0.0057,-1.547170301267214,Store × Product,0.1059,False,True,True,True,False,27989.621397136103,-193.62139713610304,-0.0069
S02,P02,198.0,198.0,39197.72,27715.56,0.2929,-0.1371,194.6,0.0175,-1.547170301267214,Store × Product,0.1371,False,True,True,True,False,27989.621397136103,-274.06139713610173,-0.0098
S02,P03,90.0,368.0,33121.4,22080.93,0.3333,0.1309,194.6,-0.5375,-1.1676674464252272,Store × Product,-0.1309,True,True,True,True,True,22779.000849645137,-698.0708496451371,-0.0306
S02,P03,95.0,345.5,32822.5,22457.5,0.3158,0.0617,194.6,-0.5118,-1.1676674464252272,Store × Product,-0.0617,True,True,True,True,True,22779.000849645137,-321.50084964513735,-0.0141
S02,P03,100.0,325.4,32541.43,22779.0,0.3,0.0,194.6,-0.4861,-1.1676674464252272,Store × Product,-0.0,True,True,True,True,True,22779.000849645137,-0.0008496451373503078,-0.0
S02,P03,102.5,316.2,32406.98,22922.01,0.2927,-0.0284,194.6,-0.4733,-1.1676674464252272,Store × Product,0.0284,True,True,True,True,True,22779.000849645137,143.00915035486105,0.0063
S02,P03,105.0,307.4,32276.31,23054.51,0.2857,-0.0554,194.6,-0.4604,-1.1676674464252272,Store × Product,0.0554,True,True,True,True,True,22779.000849645137,275.50915035486105,0.0121
S02,P03,107.5,299.1,32149.22,23177.35,0.2791,-0.081,194.6,-0.4476,-1.1676674464252272,Store × Product,0.081,True,True,True,True,True,22779.000849645137,398.3491503548612,0.0175
S02,P03,110.0,291.1,32025.54,23291.3,0.2727,-0.1053,194.6,-0.4347,-1.1676674464252272,Store × Product,0.1053,False,True,True,True,False,22779.000849645137,512.2991503548619,0.0225
S02,P04,126.0,202.6,25528.97,17019.32,0.3333,0.0938,194.6,-0.3525,-0.8509765812558356,Store × Product,-0.0938,True,True,True,True,True,18153.081390078503,-1133.7613900785036,-0.0625
S02,P04,133.0,193.5,25735.5,17608.5,0.3158,0.0446,194.6,-0.3165,-0.8509765812558356,Store × Product,-0.0446,True,True,True,True,True,18153.081390078503,-544.5813900785033,-0.03
S02,P04,140.0,185.2,25932.97,18153.08,0.3,0.0,194.6,-0.2806,-0.8509765812558356,Store × Product,-0.0,True,True,True,True,True,18153.081390078503,-0.001390078501572134,-0.0
S02,P04,143.5,181.4,26028.58,18410.46,0.2927,-0.0208,194.6,-0.2626,-0.8509765812558356,Store × Product,0.0208,True,True,True,True,True,18153.081390078503,257.3786099214958,0.0142
S02,P04,147.0,177.7,26122.22,18658.73,0.2857,-0.0407,194.6,-0.2446,-0.8509765812558356,Store × Product,0.0407,True,True,True,True,True,18153.081390078503,505.64860992149625,0.0279
S02,P04,150.5,174.2,26213.98,18898.45,0.2791,-0.0597,194.6,-0.2266,-0.8509765812558356,Store × Product,0.0597,True,True,True,True,True,18153.081390078503,745.3686099214974,0.0411
S02,P04,154.0,170.8,26303.94,19130.14,0.2727,-0.0779,194.6,-0.2086,-0.8509765812558356,Store × Product,0.0779,True,True,True,True,True,18153.081390078503,977.0586099214961,0.0538
S03,P01,180.0,307.6,55368.71,35374.45,0.3611,0.1108,220.19,-0.1825,-0.996929786176484,Store × Product,-0.1108,True,False,True,True,False,37385.96774598888,-2011.51774598888,-0.0538
S03,P01,190.0,291.5,55377.9,36432.83,0.3421,0.0525,220.19,-0.1371,-0.996929786176484,Store × Product,-0.0525,True,True,True,True,True,37385.96774598888,-953.1377459888754,-0.0255
S03,P01,200.0,276.9,55386.62,37385.97,0.325,0.0,220.19,-0.0917,-0.996929786176484,Store × Product,-0.0,True,True,True,True,True,37385.96774598888,0.0022540111240232363,0.0
S03,P01,205.0,270.2,55390.82,37827.88,0.3171,-0.0243,220.19,-0.069,-0.996929786176484,Store × Product,0.0243,True,True,True,True,True,37385.96774598888,441.91225401112024,0.0118
S03,P01,210.0,263.8,55394.92,38248.87,0.3095,-0.0475,220.19,-0.0463,-0.996929786176484,Store × Product,0.0475,True,True,True,True,True,37385.96774598888,862.9022540111255,0.0231
S03,P01,215.0,257.7,55398.92,38650.41,0.3023,-0.0696,220.19,-0.0236,-0.996929786176484,Store × Product,0.0696,True,True,True,True,True,37385.96774598888,1264.4422540111264,0.0338
S03,P01,220.0,251.8,55402.83,39033.81,0.2955,-0.0906,220.19,-0.0009,-0.996929786176484,Store × Product,0.0906,True,True,True,True,True,37385.96774598888,1647.8422540111205,0.0441
S03,P02,162.0,269.8,43711.01,28061.39,0.358,0.1596,220.05,-0.2638,-1.4051715569775518,Store × Product,-0.1596,True,False,True,True,False,28388.244252384466,-326.85425238446624,-0.0115
S03,P02,171.0,250.1,42763.87,28259.16,0.3392,0.0747,220.05,-0.2229,-1.4051715569775518,Store × Product,-0.0747,True,True,True,True,True,28388.244252384466,-129.0842523844658,-0.0045
S03,P02,180.0,232.7,41884.29,28388.24,0.3222,0.0,220.05,-0.182,-1.4051715569775518,Store × Product,-0.0,True,True,True,True,True,28388.244252384466,-0.004252384464052739,-0.0
S03,P02,184.5,224.8,41467.34,28431.54,0.3144,-0.0341,220.05,-0.1616,-1.4051715569775518,Store × Product,0.0341,True,True,True,True,True,28388.244252384466,43.29574761553522,0.0015
S03,P02,189.0,217.3,41064.44,28462.65,0.3069,-0.0663,220.05,-0.1411,-1.4051715569775518,Store × Product,0.0663,True,True,True,True,True,28388.244252384466,74.4057476155358,0.0026
S03,P02,193.5,210.2,40674.8,28482.87,0.2997,-0.0966,220.05,-0.1207,-1.4051715569775518,Store × Product,0.0966,True,True,True,True,True,28388.244252384466,94.62574761553333,0.0033
S03,P02,198.0,203.5,40297.68,28493.31,0.2929,-0.1253,220.05,-0.1002,-1.4051715569775518,Store × Product,0.1253,False,True,True,True,False,28388.244252384466,105.06574761553566,0.0037
S03,P03,90.0,340.9,30682.86,20455.24,0.3333,0.0833,220.12,-0.5911,-0.759629564970153,Store × Product,-0.0833,True,True,True,True,True,22028.893260217108,-1573.6532602171064,-0.0714
S03,P03,95.0,327.2,31084.23,21268.15,0.3158,0.0397,220.12,-0.5684,-0.759629564970153,Store × Product,-0.0397,True,True,True,True,True,22028.893260217108,-760.7432602171066,-0.0345
S03,P03,100.0,314.7,31469.85,22028.89,0.3,0.0,220.12,-0.5457,-0.759629564970153,Store × Product,-0.0,True,True,True,True,True,22028.893260217108,-0.003260217108618235,-0.0
S03,P03,102.5,308.9,31657.19,22391.67,0.2927,-0.0186,220.12,-0.5343,-0.759629564970153,Store × Product,0.0186,True,True,True,True,True,22028.893260217108,362.7767397828902,0.0165
S03,P03,105.0,303.2,31841.09,22743.64,0.2857,-0.0364,220.12,-0.523,-0.759629564970153,Store × Product,0.0364,True,True,True,True,True,22028.893260217108,714.7467397828914,0.0324
S03,P03,107.5,297.9,32021.69,23085.41,0.2791,-0.0535,220.12,-0.5116,-0.759629564970153,Store × Product,0.0535,True,True,True,True,True,22028.893260217108,1056.5167397828918,0.048
S03,P03,110.0,292.7,32199.14,23417.55,0.2727,-0.0698,220.12,-0.5003,-0.759629564970153,Store × Product,0.0698,True,True,True,True,True,22028.893260217108,1388.6567397828912,0.063
S03,P04,126.0,208.2,26236.57,17491.05,0.3333,0.078,220.12,-0.4276,-0.71312572897383,Store × Product,-0.078,True,True,True,True,True,18929.18035585401,-1438.1303558540094,-0.076
S03,P04,133.0,200.4,26646.69,18231.94,0.3158,0.0373,220.12,-0.3958,-0.71312572897383,Store × Product,-0.0373,True,True,True,True,True,18929.18035585401,-697.24035585401,-0.0368
S03,P04,140.0,193.2,27041.69,18929.18,0.3,0.0,220.12,-0.364,-0.71312572897383,Store × Product,-0.0,True,True,True,True,True,18929.18035585401,-0.00035585400837589987,-0.0
S03,P04,143.5,189.8,27233.92,19263.02,0.2927,-0.0175,220.12,-0.3481,-0.71312572897383,Store × Product,0.0175,True,True,True,True,True,18929.18035585401,333.83964414599177,0.0176
S03,P04,147.0,186.5,27422.84,19587.74,0.2857,-0.0342,220.12,-0.3322,-0.71312572897383,Store × Product,0.0342,True,True,True,True,True,18929.18035585401,658.5596441459929,0.0348
S03,P04,150.5,183.4,27608.58,19903.86,0.2791,-0.0503,220.12,-0.3163,-0.71312572897383,Store × Product,0.0503,True,True,True,True,True,18929.18035585401,974.6796441459919,0.0515
S03,P04,154.0,180.5,27791.26,20211.83,0.2727,-0.0657,220.12,-0.3004,-0.71312572897383,Store × Product,0.0657,True,True,True,True,True,18929.18035585401,1282.649644145993,0.0678
S04,P01,180.0,292.8,52706.55,33673.63,0.3611,0.167,187.95999999999998,-0.0423,-1.4660655475931303,Store × Product,-0.167,True,False,True,True,False,33872.120300895585,-198.490300895588,-0.0059
S04,P01,190.0,270.5,51395.0,33812.5,0.3421,0.0781,187.95999999999998,0.0109,-1.4660655475931303,Store × Product,-0.0781,True,True,True,True,True,33872.120300895585,-59.62030089558539,-0.0018
S04,P01,200.0,250.9,50180.92,33872.12,0.325,0.0,187.95999999999998,0.0641,-1.4660655475931303,Store × Product,-0.0,True,True,False,True,False,33872.120300895585,-0.00030089558276813477,-0.0
S04,P01,205.0,242.0,49606.73,33877.77,0.3171,-0.0356,187.95999999999998,0.0907,-1.4660655475931303,Store × Product,0.0356,True,True,False,True,False,33872.120300895585,5.649699104411411,0.0002
S04,P01,210.0,233.6,49052.71,33869.73,0.3095,-0.069,187.95999999999998,0.1173,-1.4660655475931303,Store × Product,0.069,True,True,False,True,False,33872.120300895585,-2.390300895582186,-0.0001
S04,P01,215.0,225.7,48517.7,33849.56,0.3023,-0.1006,187.95999999999998,0.1439,-1.4660655475931303,Store × Product,0.1006,False,True,False,True,False,33872.120300895585,-22.560300895587716,-0.0007
S04,P01,220.0,218.2,48000.63,33818.62,0.2955,-0.1304,187.95999999999998,0.1705,-1.4660655475931303,Store × Product,0.1304,False,True,False,True,False,33872.120300895585,-53.50030089558277,-0.0016
S04,P02,162.0,259.7,42070.54,27008.24,0.358,0.1382,187.95999999999998,-0.1381,-1.228935451806402,Store × Product,-0.1382,True,False,True,True,False,27834.912028829378,-826.6720288293764,-0.0297
S04,P02,171.0,243.0,41553.0,27459.0,0.3392,0.0651,187.95999999999998,-0.0902,-1.228935451806402,Store × Product,-0.0651,True,True,True,True,True,27834.912028829378,-375.91202882937796,-0.0135
S04,P02,180.0,228.2,41067.9,27834.91,0.3222,0.0,187.95999999999998,-0.0423,-1.228935451806402,Store × Product,-0.0,True,True,True,True,True,27834.912028829378,-0.0020288293781050015,-0.0
S04,P02,184.5,221.3,40836.4,27998.94,0.3144,-0.0299,187.95999999999998,-0.0184,-1.228935451806402,Store × Product,0.0299,True,True,True,True,True,27834.912028829378,164.02797117062073,0.0059
S04,P02,189.0,214.9,40611.74,28148.87,0.3069,-0.0582,187.95999999999998,0.0055,-1.228935451806402,Store × Product,0.0582,True,True,True,True,True,27834.912028829378,313.957971170621,0.0113
S04,P02,193.5,208.8,40393.55,28285.92,0.2997,-0.085,187.95999999999998,0.0295,-1.228935451806402,Store × Product,0.085,True,True,True,True,True,27834.912028829378,451.0079711706203,0.0162
S04,P02,198.0,202.9,40181.51,28411.17,0.2929,-0.1105,187.95999999999998,0.0534,-1.228935451806402,Store × Product,0.1105,False,True,False,True,False,27834.912028829378,576.2579711706203,0.0207
S04,P03,90.0,392.7,35342.55,23561.7,0.3333,0.2308,187.95999999999998,-0.5212,-1.9709753877198821,Store × Product,-0.2308,True,True,True,True,True,22334.000406121148,1227.6995938788532,0.055
S04,P03,95.0,353.0,33535.0,22945.0,0.3158,0.1064,187.95999999999998,-0.4946,-1.9709753877198821,Store × Product,-0.1064,True,True,True,True,True,22334.000406121148,610.9995938788525,0.0274
S04,P03,100.0,319.1,31905.71,22334.0,0.3,0.0,187.95999999999998,-0.468,-1.9709753877198821,Store × Product,-0.0,True,True,True,True,True,22334.000406121148,-0.0004061211475345772,-0.0
S04,P03,102.5,303.9,31149.84,22032.82,0.2927,-0.0475,187.95999999999998,-0.4547,-1.9709753877198821,Store × Product,0.0475,True,True,True,True,True,22334.000406121148,-301.1804061211478,-0.0135
S04,P03,105.0,289.8,30429.46,21735.33,0.2857,-0.0917,187.95999999999998,-0.4414,-1.9709753877198821,Store × Product,0.0917,True,True,True,True,True,22334.000406121148,-598.6704061211458,-0.0268
S04,P03,107.5,276.7,29742.1,21441.98,0.2791,-0.1328,187.95999999999998,-0.4281,-1.9709753877198821,Store × Product,0.1328,False,True,True,True,False,22334.000406121148,-892.020406121148,-0.0399
S04,P03,110.0,264.4,29085.54,21153.12,0.2727,-0.1713,187.95999999999998,-0.4148,-1.9709753877198821,Store × Product,0.1713,False,True,True,True,False,22334.000406121148,-1180.8804061211486,-0.0529
S04,P04,126.0,240.7,30326.47,20217.65,0.3333,0.1915,188.1,-0.3301,-1.6631142454336567,Store × Product,-0.1915,True,True,True,True,True,19796.0,421.65000000000146,0.0213
S04,P04,133.0,220.0,29258.44,20018.93,0.3158,0.0891,188.1,-0.2929,-1.6631142454336567,Store × Product,-0.0891,True,True,True,True,True,19796.0,222.9300000000003,0.0113
S04,P04,140.0,202.0,28280.0,19796.0,0.3,0.0,188.1,-0.2557,-1.6631142454336567,Store × Product,-0.0,True,True,True,True,True,19796.0,0.0,0.0
S04,P04,143.5,193.9,27820.71,19678.07,0.2927,-0.0402,188.1,-0.2371,-1.6631142454336567,Store × Product,0.0402,True,True,True,True,True,19796.0,-117.93000000000029,-0.006
S04,P04,147.0,186.3,27379.69,19556.92,0.2857,-0.0779,188.1,-0.2185,-1.6631142454336567,Store × Product,0.0779,True,True,True,True,True,19796.0,-239.08000000000175,-0.0121
S04,P04,150.5,179.1,26955.79,19433.24,0.2791,-0.1133,188.1,-0.1999,-1.6631142454336567,Store × Product,0.1133,False,True,True,True,False,19796.0,-362.7599999999984,-0.0183
S04,P04,154.0,172.4,26547.97,19307.61,0.2727,-0.1466,188.1,-0.1813,-1.6631142454336567,Store × Product,0.1466,False,True,True,True,False,19796.0,-488.3899999999994,-0.0247
